<application>
  <component name="AndroidLogcatFilterHistory">
    <option name="favorites">
      <list>
        <option value="tag~:AndroidRuntime name:RuntimeException" />
        <option value="tag~:wq name:wq" />
        <option value="tag~:System.err name:System.err" />
      </list>
    </option>
    <option name="mostRecentlyUsed" value="tag~:AndroidRuntime name:RuntimeException" />
    <option name="named">
      <list>
        <option value="tag~:wq name:wq tag:wq" />
        <option value="tag~:single name:wq" />
        <option value="tag~:System.err name:System.err | tag~:wq" />
      </list>
    </option>
    <option name="nonFavorites">
      <list>
        <option value="tag~:qs" />
        <option value="tag~:Display" />
        <option value="tag~:windowmanager" />
        <option value="tag~:ScreenMediaRecorder" />
        <option value="tag~:Screen" />
        <option value="tag~:MediaSc" />
        <option value="tag~:Me" />
        <option value="tag~:wq" />
        <option value="tag~:carsettingspanelvolumeitemview " />
        <option value="tag~:NotificationPanelView " />
        <option value="tag~:QSAnimator" />
        <option value="tag~:QSAnimator " />
        <option value="process:com.android.systemui " />
        <option value="package:com.android.systemui " />
      </list>
    </option>
  </component>
</application>