<application>
  <component name="BuildProcessSatisfactionSurveyStore">
    <option name="daysWithGradleBuilds" value="2" />
    <option name="firstKotlinGradleBuildTime" value="1734330104" />
    <option name="lastKotlinGradleBuildTime" value="1734421629" />
    <option name="nextCountedGradleBuild" value="1734506395" />
  </component>
  <component name="KotlinNewUserTracker">
    <option name="firstKtFileOpened" value="1729481259" />
    <option name="lastKtFileOpened" value="1734515328" />
    <option name="newKtUserSince" value="1729481259" />
  </component>
</application>