<application>
  <component name="StudioBotSettings">
    <option name="acceptedTermsVersion" value="3" />
    <option name="contextSharingModeV2" value="AlwaysShare" />
    <option name="onboardedVersion" value="3" />
    <option name="queryHistory">
      <list>
        <historyEntry timestamp="1734515371805">为什么blockSize不能直接转换成dp，而需要借助with函数</historyEntry>
        <historyEntry timestamp="1734514362636">请用中文重新描述下上面的内容</historyEntry>
        <historyEntry timestamp="1734514338127">Explain the following code: 
var blockSize = 48.dp
           var blockSizePx = with(LocalDensity.current) { blockSize.toPx() }</historyEntry>
        <historyEntry timestamp="1734509010789">What does the error message &quot;Unexpected tokens (use ';' to separate expressions on the same line)&quot; mean?</historyEntry>
        <historyEntry timestamp="1734421323858">Explain gradle sync issue: Failed to resolve: androidx.activity:activity-compose:1.8.0</historyEntry>
        <historyEntry timestamp="1734415346206">我使用SYSTEM_UI_FLAG_LAYOUT_FULLSCREEN属性 应用布局整体上移，导致和状态栏重叠 如何解决</historyEntry>
        <historyEntry timestamp="1734415274541">Make suggestions to improve this code:
val decorView = window.decorView
       val uiOption = (View.SYSTEM_UI_FLAG_LAYOUT_FULLSCREEN // content布局占据全屏,状态栏显示在应用界面上层
               or View.SYSTEM_UI_FLAG_LAYOUT_HIDE_NAVIGATION) // content布局占据全屏,导航栏显示在应用界面上层
       decorView.systemUiVisibility = decorView.systemUiVisibility or uiOption</historyEntry>
        <historyEntry timestamp="1734404469109">请使用中文重新描述下上面的内容</historyEntry>
        <historyEntry timestamp="1734404431666">Explain: FATAL EXCEPTION: main
Process: com.king.superdemo, PID: 8242
java.lang.RuntimeException: Unable to start activity ComponentInfo{com.king.superdemo/com.king.superdemo.activities.RetrofitActivity}: java.lang.IllegalArgumentException: Expected URL scheme 'http' or 'https' but no colon was found
at android.app.ActivityThread.performLaunchActivity(ActivityThread.java:3973)
at android.app.ActivityThread.handleLaunchActivity(ActivityThread.java:4322) with tag AndroidRuntime</historyEntry>
        <historyEntry timestamp="1734341700732">使用中文重新描述下上面的内容</historyEntry>
        <historyEntry timestamp="1734341671479">Explain the following code: 
val rootView = (findViewById&lt;View&gt;(R.id.content) as ViewGroup).getChildAt(0) as ViewGroup
rootView.fitsSystemWindows = true</historyEntry>
        <historyEntry timestamp="1734341653585">以后的所有回复请用中文</historyEntry>
        <historyEntry timestamp="1734341630772">后面所有的回答请用中文回复</historyEntry>
        <historyEntry timestamp="1734339320091">使用中文重新描述下上面的内容</historyEntry>
        <historyEntry timestamp="1734339276183">Explain the following code: 
val typedValue = TypedValue()
   context.theme.resolveAttribute(R.attr.actionBarStyle, typedValue, true)
   val ta = context.theme.obtainStyledAttributes(typedValue.resourceId, intArrayOf(R.attr.background))
   val background = try {
       ta.getColor(0, defaultColor)
   } catch (e: Exception) {
       defaultColor
   }</historyEntry>
        <historyEntry timestamp="1734339014970">kotlin assert方法的用法</historyEntry>
        <historyEntry timestamp="1734337539750">上面的内容用中文重新描述下</historyEntry>
        <historyEntry timestamp="1734337500540">Explain the following code: 
process = Runtime.getRuntime().exec(if (isRoot) COMMAND_SU else COMMAND_SH)
           os = DataOutputStream(process!!.outputStream)
           for (command in commands) {
               if (command == null) {
                   continue
               }

               // donnot use os.writeBytes(commmand), avoid chinese charset error
               os.write(command.toByteArray())
               os.writeBytes(COMMAND_LINE_END)
               os.flush()
           }
           os.writeBytes(COMMAND_EXIT)
           os.flush()
           result = process.waitFor()</historyEntry>
        <historyEntry timestamp="1734328383117">What does the error message &quot;Property getter or setter expected&quot; mean?</historyEntry>
        <historyEntry timestamp="1734069121836">？</historyEntry>
        <historyEntry timestamp="1734069089068">打开Android studio设置菜单</historyEntry>
        <historyEntry timestamp="1734052284962">Change to dark mode in Android Studio</historyEntry>
      </list>
    </option>
  </component>
</application>