<application>
  <component name="DimensionService">
    <location key="WELCOME_SCREEN.0.0.1920.1080" x="960" y="300" />
    <location key="find.popup.0.0.1920.1080" x="511" y="114" />
    <size key="find.popup.0.0.1920.1080" width="860" height="926" />
    <size key="GridCell.Tab.0.left.0.0.1920.1080" width="1838" height="193" />
    <size key="GridCell.Tab.0.center.0.0.1920.1080" width="1838" height="193" />
    <size key="GridCell.Tab.0.right.0.0.1920.1080" width="1838" height="193" />
    <size key="GridCell.Tab.0.bottom.0.0.1920.1080" width="1838" height="193" />
  </component>
  <component name="WindowManager">
    <frame x="-8" y="-8" width="1930" height="1050" extendedState="6" />
  </component>
  <component name="WindowStateApplicationService">
    <state x="740" y="273" key="FileChooserDialogImpl" timestamp="1729481255596">
      <screen x="0" y="0" width="1920" height="1040" />
    </state>
    <state x="740" y="273" key="FileChooserDialogImpl/0.0.1920.1040/-1920.0.1920.1040" timestamp="1729481255596" />
    <state width="549" height="846" key="ShowUsagesActions.dimensionServiceKey.ideScale=110" timestamp="1734486508505">
      <screen x="0" y="0" width="1920" height="1040" />
    </state>
    <state width="549" height="846" key="ShowUsagesActions.dimensionServiceKey.ideScale=110/0.0.1920.1040/-1920.0.1920.1040" timestamp="1734486508505" />
    <state x="960" y="300" key="WELCOME_SCREEN" timestamp="1729481238085">
      <screen x="0" y="0" width="1920" height="1040" />
    </state>
    <state x="960" y="300" key="WELCOME_SCREEN/0.0.1920.1040/-1920.0.1920.1040" timestamp="1729481238085" />
    <state width="300" height="525" key="manage.recent.projects.popup.ideScale=110" timestamp="1733811575719">
      <screen x="0" y="0" width="1920" height="1040" />
    </state>
    <state width="300" height="525" key="manage.recent.projects.popup.ideScale=110/0.0.1920.1040/-1920.0.1920.1040" timestamp="1733811575719" />
  </component>
</application>